component,n,m,status,objective,elapsed_seconds,note
0,4158,13422,Optimal,1950,11.636770874999996,
1,14,29,Optimal,7,0.1053842079999896,
2,12,20,Optimal,6,0.07537429200000645,
3,10,10,Optimal,7,0.05963016699999457,
4,9,12,Optimal,5,0.06610966600000268,
5,9,19,Optimal,4,0.07353520899999921,
6,8,7,Optimal,4,0.06335391700000059,
7,8,13,Optimal,4,0.06218187499999317,
8,8,24,Optimal,2,0.10459808299999906,
9,8,12,Optimal,3,0.06990041699999949,
10,8,18,Optimal,2,0.13366424999999538,
11,8,14,Optimal,3,0.09584641600000054,
12,7,12,Optimal,3,0.06907962500000053,
13,7,7,Optimal,4,0.06773950000000184,
14,7,14,Optimal,3,0.09003562499999873,
15,7,8,Optimal,4,0.0945407079999967,
16,7,11,Optimal,4,0.06490362499999947,
17,7,10,Optimal,3,0.06592870800000128,
18,7,9,Optimal,3,0.06220866700000727,
19,7,21,Optimal,1,0.06765958399999761,
20,6,5,Optimal,5,0.0601202499999971,
21,6,9,Optimal,2,0.11137600000000702,
22,6,5,Optimal,4,0.16357524999999384,
23,6,8,Optimal,3,0.07423816600000066,
24,6,7,Optimal,4,0.060944250000005695,
25,6,7,Optimal,3,0.055829375000001846,
26,6,11,Optimal,2,0.062329707999992934,
27,6,6,Optimal,4,0.05982333299999709,
28,6,11,Optimal,2,0.06397533300000191,
29,6,9,Optimal,2,0.06524033300000553,
30,6,15,Optimal,1,0.06838066599999593,
31,6,15,Optimal,1,0.06551145800000313,
32,5,6,Optimal,2,0.05973295799999789,
33,5,5,Optimal,2,0.06007395900000745,
34,5,6,Optimal,2,0.08749604100000852,
35,5,5,Optimal,3,0.061205000000001064,
36,5,10,Optimal,1,0.07167595800000015,
37,5,5,Optimal,3,0.05946870799999715,
38,5,6,Optimal,3,0.06172145899999748,
39,5,5,Optimal,3,0.1102437500000093,
40,5,5,Optimal,3,0.07349475000000893,
41,5,6,Optimal,2,0.06338108399999953,
42,5,7,Optimal,2,0.08350720899998976,
43,5,10,Optimal,1,0.05662075000000755,
44,5,7,Optimal,2,0.05787225000000262,
45,5,10,Optimal,1,0.06019183399999406,
46,5,10,Optimal,1,0.06575537500000905,
47,5,7,Optimal,2,0.059228125000004184,
48,5,10,Optimal,1,0.07149766700000271,
49,4,3,Optimal,3,0.055052166999999486,
50,4,4,Optimal,2,0.08149287499999502,
51,4,3,Optimal,2,0.08696666600000924,
52,4,4,Optimal,2,0.06589833400001055,
53,4,6,Optimal,1,0.06501116699999443,
54,4,3,Optimal,3,0.06277862499999287,
55,4,4,Optimal,2,0.0599753750000076,
56,4,4,Optimal,2,0.05458637499999952,
57,4,4,Optimal,2,0.052445583999997325,
58,4,4,Optimal,2,0.05707654200000434,
59,4,3,Optimal,3,0.06504387500000064,
60,4,4,Optimal,2,0.05395666699999424,
61,4,4,Optimal,2,0.05639933300000166,
62,4,3,Optimal,3,0.05644024999999431,
63,4,6,Optimal,1,0.049717125000000806,
64,4,3,Optimal,3,0.0601469169999973,
65,4,6,Optimal,1,0.05633858299999872,
66,4,4,Optimal,2,0.05663883399999747,
67,4,3,Optimal,3,0.05204274999999825,
68,4,4,Optimal,2,0.06638449999999807,
69,4,6,Optimal,1,0.11174258299999451,
70,4,4,Optimal,2,0.08128341699999453,
71,4,4,Optimal,2,0.061766375000004814,
72,4,6,Optimal,1,0.13362191699999926,
73,4,4,Optimal,2,0.10882541600000195,
74,4,5,Optimal,2,0.09055316699999594,
75,4,4,Optimal,2,0.05802358300000776,
76,4,6,Optimal,1,0.05472829200000717,
77,4,6,Optimal,1,0.06793399999999394,
78,4,3,Optimal,3,0.062202666999993994,
79,3,2,Optimal,2,0.19220099999999718,
80,3,2,Optimal,2,0.05844858399998998,
81,3,3,Optimal,1,0.05458362499999225,
82,3,2,Optimal,2,0.05644033299999762,
83,3,2,Optimal,2,0.06052337500000249,
84,3,2,Optimal,2,0.07883304199999941,
85,3,2,Optimal,2,0.06514295899999922,
86,3,3,Optimal,1,0.04989770799998894,
87,3,3,Optimal,1,0.05484766600000057,
88,3,3,Optimal,1,0.05470662499999435,
89,3,2,Optimal,2,0.05858125000000314,
90,3,3,Optimal,1,0.05817308400000343,
91,3,2,Optimal,2,0.05754604100000904,
92,3,3,Optimal,1,0.08608129199998871,
93,3,3,Optimal,1,0.06319712500000207,
94,3,3,Optimal,1,0.0640556670000052,
95,3,3,Optimal,1,0.0761929170000002,
96,3,2,Optimal,2,0.0637952499999983,
97,3,3,Optimal,1,0.08459645799999294,
98,3,2,Optimal,2,0.0634814160000019,
99,3,3,Optimal,1,0.06852470799999821,
100,3,2,Optimal,2,0.07174287499999821,
101,3,3,Optimal,1,0.05493416699999898,
102,3,2,Optimal,2,0.06784720900000707,
103,3,3,Optimal,1,0.06103670800000316,
104,3,3,Optimal,1,0.06900070900000799,
105,3,3,Optimal,1,0.058104042000010736,
106,3,3,Optimal,1,0.13547450000000083,
107,3,3,Optimal,1,0.054919084000005114,
108,3,2,Optimal,2,0.04561116600000048,
109,3,2,Optimal,2,0.043363084000006324,
110,3,3,Optimal,1,0.04480283300000565,
111,3,2,Optimal,2,0.04731758300000877,
112,3,3,Optimal,1,0.053065709000009065,
113,3,3,Optimal,1,0.05446462499999427,
114,3,2,Optimal,2,0.06337016599999856,
115,3,2,Optimal,2,0.05960174999999879,
116,3,2,Optimal,2,0.060146208999995565,
117,3,3,Optimal,1,0.05769316699999649,
118,3,3,Optimal,1,0.0606966249999914,
119,3,3,Optimal,1,0.05691770800000029,
120,3,3,Optimal,1,0.06587658399999441,
121,3,2,Optimal,2,0.05884108399999377,
122,3,3,Optimal,1,0.061222250000000145,
123,3,2,Optimal,2,0.06161512500000299,
124,3,3,Optimal,1,0.06563120900000285,
125,3,3,Optimal,1,0.07308887499999628,
126,3,2,Optimal,2,0.06042537500000833,
127,3,2,Optimal,2,0.07071612500000413,
128,3,3,Optimal,1,0.05219674999999313,
129,3,3,Optimal,1,0.059016416000005734,
130,3,3,Optimal,1,0.06171937500000979,
131,3,3,Optimal,1,0.05815387500000213,
132,3,2,Optimal,2,0.05494970800000942,
133,3,2,Optimal,2,0.05829958300000726,
134,3,2,Optimal,2,0.07594950000000722,
135,3,3,Optimal,1,0.06837266600000191,
136,3,2,Optimal,2,0.057577709000000254,
137,3,3,Optimal,1,0.06191808399999843,
138,3,3,Optimal,1,0.06517691599999864,
139,3,2,Optimal,2,0.05793124999999577,
140,3,2,Optimal,2,0.06970454199999665,
141,3,2,Optimal,2,0.06309570800000586,
142,3,2,Optimal,2,0.05817412499999364,
143,3,3,Optimal,1,0.06663783300000148,
144,3,3,Optimal,1,0.06247095799999158,
145,3,2,Optimal,2,0.06241245900000081,
146,3,3,Optimal,1,0.0646566249999978,
147,3,3,Optimal,1,0.061940750000005096,
148,3,2,Optimal,2,0.06103954099999953,
149,3,3,Optimal,1,0.0610854589999974,
150,3,3,Optimal,1,0.06470829199999173,
151,3,3,Optimal,1,0.06522187499999177,
152,3,3,Optimal,1,0.0600982499999958,
153,3,2,Optimal,2,0.058709792000001926,
154,3,3,Optimal,1,0.06049708300000134,
155,3,3,Optimal,1,0.06455395800000474,
156,3,3,Optimal,1,0.0722438330000017,
157,3,3,Optimal,1,0.06571208299999398,
158,3,3,Optimal,1,0.08718404200000407,
159,3,3,Optimal,1,0.06519795899998826,
160,3,3,Optimal,1,0.06631495899999607,
161,3,3,Optimal,1,0.06021400000000199,
162,3,3,Optimal,1,0.08086645900000633,
163,3,3,Optimal,1,0.06346095900001103,
164,3,3,Optimal,1,0.06522487500001262,
165,3,3,Optimal,1,0.06597724999998889,
166,3,3,Optimal,1,0.05970162499998821,
167,3,3,Optimal,1,0.05729270799999142,
168,3,2,Optimal,2,0.05898641699999985,
169,3,3,Optimal,1,0.06194270800000368,
170,3,3,Optimal,1,0.05955850000000851,
171,3,3,Optimal,1,0.05971408399999234,
172,3,3,Optimal,1,0.05785412500000575,
173,3,3,Optimal,1,0.08303974999999753,
174,3,3,Optimal,1,0.07122354099999484,
175,3,3,Optimal,1,0.0577057080000003,
176,3,3,Optimal,1,0.06101754200000187,
177,2,1,Optimal,1,0.05168833300000131,
178,2,1,Optimal,1,0.05599387499999864,
179,2,1,Optimal,1,0.0709900829999981,
180,2,1,Optimal,1,0.05844579200000055,
181,2,1,Optimal,1,0.05913645799999756,
182,2,1,Optimal,1,0.05619541699999786,
183,2,1,Optimal,1,0.06007416699999624,
184,2,1,Optimal,1,0.060391374999994696,
185,2,1,Optimal,1,0.06221862499999986,
186,2,1,Optimal,1,0.05850874999998723,
187,2,1,Optimal,1,0.0521425000000022,
188,2,1,Optimal,1,0.051475874999994176,
189,2,1,Optimal,1,0.05904470800000183,
190,2,1,Optimal,1,0.06293241699999896,
191,2,1,Optimal,1,0.07818187499999851,
192,2,1,Optimal,1,0.06157525000000419,
193,2,1,Optimal,1,0.0604455410000071,
194,2,1,Optimal,1,0.06274808300000245,
195,2,1,Optimal,1,0.0575754580000023,
196,2,1,Optimal,1,0.05988312500001314,
197,2,1,Optimal,1,0.056387540999992325,
198,2,1,Optimal,1,0.05907683299999178,
199,2,1,Optimal,1,0.06419958399999359,
200,2,1,Optimal,1,0.061553375000002575,
201,2,1,Optimal,1,0.06033095800000865,
202,2,1,Optimal,1,0.06126366699999153,
203,2,1,Optimal,1,0.05254945900000507,
204,2,1,Optimal,1,0.059991708999987736,
205,2,1,Optimal,1,0.06077670900000953,
206,2,1,Optimal,1,0.060045000000002346,
207,2,1,Optimal,1,0.062372124999996004,
208,2,1,Optimal,1,0.05677483299999153,
209,2,1,Optimal,1,0.058900957999995285,
210,2,1,Optimal,1,0.05852283400000147,
211,2,1,Optimal,1,0.05735658300000068,
212,2,1,Optimal,1,0.055242750000005,
213,2,1,Optimal,1,0.06804345800000533,
214,2,1,Optimal,1,0.05965266700000882,
215,2,1,Optimal,1,0.06324529200000484,
216,2,1,Optimal,1,0.06535654200000351,
217,2,1,Optimal,1,0.05566179100000568,
218,2,1,Optimal,1,0.06115629199999262,
219,2,1,Optimal,1,0.06013799999999492,
220,2,1,Optimal,1,0.061499291000004064,
221,2,1,Optimal,1,0.060857334000004926,
222,2,1,Optimal,1,0.0567800830000067,
223,2,1,Optimal,1,0.05629079099999501,
224,2,1,Optimal,1,0.05691158400000518,
225,2,1,Optimal,1,0.12936458299999742,
226,2,1,Optimal,1,0.086686499999999,
227,2,1,Optimal,1,0.06260570799999243,
228,2,1,Optimal,1,0.053983790999993175,
229,2,1,Optimal,1,0.07811920899999336,
230,2,1,Optimal,1,0.059881666999999084,
231,2,1,Optimal,1,0.0572750830000075,
232,2,1,Optimal,1,0.057808749999992415,
233,2,1,Optimal,1,0.06177850000000262,
234,2,1,Optimal,1,0.12922120800000414,
235,2,1,Optimal,1,0.08661362499999825,
236,2,1,Optimal,1,0.059965624999989586,
237,2,1,Optimal,1,0.108039333999983,
238,2,1,Optimal,1,0.14892670900002258,
239,2,1,Optimal,1,0.09373204199999918,
240,2,1,Optimal,1,0.07971300000002657,
241,2,1,Optimal,1,0.05661629100001164,
242,2,1,Optimal,1,0.06004670800001577,
243,2,1,Optimal,1,0.05186366699999212,
244,2,1,Optimal,1,0.059516583000004175,
245,2,1,Optimal,1,0.06149179199999821,
246,2,1,Optimal,1,0.05777183400002173,
247,2,1,Optimal,1,0.05981458299999076,
248,2,1,Optimal,1,0.052925249999987045,
249,2,1,Optimal,1,0.06847799999999893,
250,2,1,Optimal,1,0.06190075000000661,
251,2,1,Optimal,1,0.05308979200000863,
252,2,1,Optimal,1,0.07024537499998473,
253,2,1,Optimal,1,0.061194875000012416,
254,2,1,Optimal,1,0.054458832999984,
255,2,1,Optimal,1,0.06093587499998421,
256,2,1,Optimal,1,0.08466762500000868,
257,2,1,Optimal,1,0.06046016700000223,
258,2,1,Optimal,1,0.06526145799998062,
259,2,1,Optimal,1,0.07154487500000073,
260,2,1,Optimal,1,0.0576642080000056,
261,2,1,Optimal,1,0.0661667920000184,
262,2,1,Optimal,1,0.05527570800001058,
263,2,1,Optimal,1,0.05969137499999988,
264,2,1,Optimal,1,0.0522842500000138,
265,2,1,Optimal,1,0.05941629199998033,
266,2,1,Optimal,1,0.1108938339999952,
267,2,1,Optimal,1,0.06423924999998576,
268,2,1,Optimal,1,0.05967862500000365,
269,2,1,Optimal,1,0.056989749999985406,
270,2,1,Optimal,1,0.07053312500002562,
271,2,1,Optimal,1,0.06234658299999296,
272,2,1,Optimal,1,0.06439704199999596,
273,2,1,Optimal,1,0.06330575000001204,
274,2,1,Optimal,1,0.055453292000009924,
275,2,1,Optimal,1,0.05929920900001662,
276,2,1,Optimal,1,0.062225458000000344,
277,2,1,Optimal,1,0.06043904199998451,
278,2,1,Optimal,1,0.060908667000006744,
279,2,1,Optimal,1,0.05799883399998862,
280,2,1,Optimal,1,0.05488654199999132,
281,2,1,Optimal,1,0.058761750000002166,
282,2,1,Optimal,1,0.10020587500000033,
283,2,1,Optimal,1,0.05881137500000477,
284,2,1,Optimal,1,0.05386587499998541,
285,2,1,Optimal,1,0.19061520799999698,
286,2,1,Optimal,1,0.0659373750000043,
287,2,1,Optimal,1,0.08174091699999053,
288,2,1,Optimal,1,0.0556453339999905,
289,2,1,Optimal,1,0.059648958999986235,
290,2,1,Optimal,1,0.05747566599998777,
291,2,1,Optimal,1,0.06268312500000661,
292,2,1,Optimal,1,0.06193687500001488,
293,2,1,Optimal,1,0.06441862500000184,
294,2,1,Optimal,1,0.05635674999999196,
295,2,1,Optimal,1,0.06395125000000235,
296,2,1,Optimal,1,0.06386633400001074,
297,2,1,Optimal,1,0.061757540999991534,
298,2,1,Optimal,1,0.06484612500000253,
299,2,1,Optimal,1,0.05905683299999964,
300,2,1,Optimal,1,0.057060874999990574,
301,2,1,Optimal,1,0.05780795799998373,
302,2,1,Optimal,1,0.06138987500000326,
303,2,1,Optimal,1,0.06129333399999837,
304,2,1,Optimal,1,0.06134045800001786,
305,2,1,Optimal,1,0.059671666000014056,
306,2,1,Optimal,1,0.06245475000000056,
307,2,1,Optimal,1,0.055338166000012734,
308,2,1,Optimal,1,0.059775125000015805,
309,2,1,Optimal,1,0.06248620799999571,
310,2,1,Optimal,1,0.05706991599998901,
311,2,1,Optimal,1,0.06421945799999662,
312,2,1,Optimal,1,0.0586076250000076,
313,2,1,Optimal,1,0.0764220830000113,
314,2,1,Optimal,1,0.05842091699997809,
315,2,1,Optimal,1,0.0616114590000052,
316,2,1,Optimal,1,0.059493125000017244,
317,2,1,Optimal,1,0.06727145800002177,
318,2,1,Optimal,1,0.06523570799998879,
319,2,1,Optimal,1,0.058885125000017524,
320,2,1,Optimal,1,0.061290624999998045,
321,2,1,Optimal,1,0.055378082999993694,
322,2,1,Optimal,1,0.06480754099999331,
323,2,1,Optimal,1,0.07063666700000226,
324,2,1,Optimal,1,0.058808833000000504,
325,2,1,Optimal,1,0.058258916999989196,
326,2,1,Optimal,1,0.06354000000001747,
327,2,1,Optimal,1,0.06067541599998094,
328,2,1,Optimal,1,0.17071920899999782,
329,2,1,Optimal,1,0.05712395800000536,
330,2,1,Optimal,1,0.05602904199997738,
331,2,1,Optimal,1,0.06180429099998719,
332,2,1,Optimal,1,0.062468999999993,
333,2,1,Optimal,1,0.060951625000001286,
334,2,1,Optimal,1,0.06280029199999149,
335,2,1,Optimal,1,0.06015529100000094,
336,2,1,Optimal,1,0.056728375000005826,
337,2,1,Optimal,1,0.055339541999984476,
338,2,1,Optimal,1,0.05513741699999741,
339,2,1,Optimal,1,0.05432674999997289,
340,2,1,Optimal,1,0.05754258300001425,
341,2,1,Optimal,1,0.05740220800001339,
342,2,1,Optimal,1,0.05718366700000388,
343,2,1,Optimal,1,0.051803833000008126,
344,2,1,Optimal,1,0.05874866700000325,
345,2,1,Optimal,1,0.05606158300000175,
346,2,1,Optimal,1,0.055160790999991605,
347,2,1,Optimal,1,0.11081029100000706,
348,2,1,Optimal,1,0.09982895800001756,
349,2,1,Optimal,1,0.062160500000004504,
350,2,1,Optimal,1,0.05692066699998577,
351,2,1,Optimal,1,0.057907833000001574,
352,2,1,Optimal,1,0.056160750000003645,
353,2,1,Optimal,1,0.056626875000006294,
354,1,0,Optimal,1,0.05084500000000958,
