profile,phase,graph_family,graph_id,n,m,d_input,d_eff,seed,solver,time_limit,random_trials,greedy_random_mean,greedy_random_std,greedy_random_best,greedy_min_degree,warm_start_size,ip_status,ip_incumbent,ip_upper_bound,ip_gap,ip_runtime_sec,threshold_logd,threshold_log1pd,threshold_2logd,first_moment_threshold,found_beyond_logd,proved_beyond_logd,proved_optimal,solution_valid,error
main,A_calibration,"G(n,d/n)",ER_d20_n100_seed0,100,1000.0,20.0,20.0,0,CBC,300.0,100,14.29,1.3506077943435002,17.0,17.0,17.0,Optimal,20.0,20.0,0.0,12.731324,14.978661367769956,15.222612188617116,29.95732273553991,23.299594713906767,True,True,True,True,
main,A_calibration,"G(n,d/n)",ER_d20_n100_seed1,100,959.0,20.0,19.18,1,CBC,300.0,100,14.28,1.428992722871674,17.0,17.0,17.0,Optimal,19.0,19.0,0.0,17.945697583,14.978661367769956,15.222612188617116,29.95732273553991,23.299594713906767,True,True,True,True,
main,A_calibration,"G(n,d/n)",ER_d20_n100_seed2,100,981.0,20.0,19.62,2,CBC,300.0,100,14.32,1.2861342908660096,17.0,18.0,18.0,Optimal,20.0,20.0,0.0,11.765954875000002,14.978661367769956,15.222612188617116,29.95732273553991,23.299594713906767,True,True,True,True,
main,A_calibration,"G(n,d/n)",ER_d20_n100_seed3,100,1002.0,20.0,20.04,3,CBC,300.0,100,14.37,1.3755072526236285,17.0,18.0,18.0,Optimal,20.0,20.0,0.0,11.803718500000002,14.978661367769956,15.222612188617116,29.95732273553991,23.299594713906767,True,True,True,True,
main,A_calibration,"G(n,d/n)",ER_d20_n100_seed4,100,951.0,20.0,19.02,4,CBC,300.0,100,14.54,1.3289321299677443,17.0,18.0,18.0,Optimal,21.0,21.0,0.0,13.489278999999996,14.978661367769956,15.222612188617116,29.95732273553991,23.299594713906767,True,True,True,True,
main,A_calibration,"G(n,d/n)",ER_d20_n100_seed5,100,1004.0,20.0,20.08,5,CBC,300.0,100,14.36,1.359738536958076,17.0,18.0,18.0,Optimal,20.0,20.0,0.0,14.522977541999992,14.978661367769956,15.222612188617116,29.95732273553991,23.299594713906767,True,True,True,True,
main,A_calibration,"G(n,d/n)",ER_d20_n100_seed6,100,989.0,20.0,19.78,6,CBC,300.0,100,14.86,1.6206994374857624,19.0,20.0,20.0,Optimal,21.0,21.0,0.0,12.199741457999991,14.978661367769956,15.222612188617116,29.95732273553991,23.299594713906767,True,True,True,True,
main,A_calibration,"G(n,d/n)",ER_d20_n100_seed7,100,1008.0,20.0,20.16,7,CBC,300.0,100,14.26,1.291933012617492,17.0,19.0,19.0,Optimal,20.0,20.0,0.0,16.36926720800001,14.978661367769956,15.222612188617116,29.95732273553991,23.299594713906767,True,True,True,True,
main,A_calibration,"G(n,d/n)",ER_d20_n100_seed8,100,978.0,20.0,19.56,8,CBC,300.0,100,14.87,1.5152757524822358,18.0,20.0,20.0,Optimal,21.0,21.0,0.0,12.781280332999998,14.978661367769956,15.222612188617116,29.95732273553991,23.299594713906767,True,True,True,True,
main,A_calibration,"G(n,d/n)",ER_d20_n100_seed9,100,1020.0,20.0,20.4,9,CBC,300.0,100,14.15,1.3361712223190318,18.0,20.0,20.0,Optimal,20.0,20.0,0.0,10.671079082999997,14.978661367769956,15.222612188617116,29.95732273553991,23.299594713906767,True,True,True,True,
main,A_calibration,"G(n,d/n)",ER_d20_n100_seed10,100,996.0,20.0,19.92,10,CBC,300.0,100,14.27,1.469247041408241,18.0,16.0,18.0,Optimal,19.0,19.0,0.0,16.543728125,14.978661367769956,15.222612188617116,29.95732273553991,23.299594713906767,True,True,True,True,
main,A_calibration,"G(n,d/n)",ER_d20_n100_seed11,100,956.0,20.0,19.12,11,CBC,300.0,100,14.83,1.3337499349161703,18.0,19.0,19.0,Optimal,20.0,20.0,0.0,14.439047042,14.978661367769956,15.222612188617116,29.95732273553991,23.299594713906767,True,True,True,True,
main,A_calibration,"G(n,d/n)",ER_d20_n100_seed12,100,978.0,20.0,19.56,12,CBC,300.0,100,14.21,1.5327732837552783,19.0,17.0,19.0,Optimal,20.0,20.0,0.0,17.66445033399998,14.978661367769956,15.222612188617116,29.95732273553991,23.299594713906767,True,True,True,True,
main,A_calibration,"G(n,d/n)",ER_d20_n100_seed13,100,1018.0,20.0,20.36,13,CBC,300.0,100,13.89,1.5034976057530158,17.0,17.0,17.0,Optimal,19.0,19.0,0.0,17.087605291000017,14.978661367769956,15.222612188617116,29.95732273553991,23.299594713906767,True,True,True,True,
main,A_calibration,"G(n,d/n)",ER_d20_n100_seed14,100,989.0,20.0,19.78,14,CBC,300.0,100,14.32,1.4486496673060254,18.0,20.0,20.0,Optimal,20.0,20.0,0.0,11.244646667000012,14.978661367769956,15.222612188617116,29.95732273553991,23.299594713906767,True,True,True,True,
main,A_calibration,"G(n,d/n)",ER_d20_n100_seed15,100,940.0,20.0,18.8,15,CBC,300.0,100,14.85,1.445124160196569,19.0,19.0,19.0,Optimal,20.0,20.0,0.0,15.330126917,14.978661367769956,15.222612188617116,29.95732273553991,23.299594713906767,True,True,True,True,
main,A_calibration,"G(n,d/n)",ER_d20_n100_seed16,100,1004.0,20.0,20.08,16,CBC,300.0,100,14.23,1.4060116240162053,18.0,18.0,18.0,Optimal,19.0,19.0,0.0,13.709905167000016,14.978661367769956,15.222612188617116,29.95732273553991,23.299594713906767,True,True,True,True,
main,A_calibration,"G(n,d/n)",ER_d20_n100_seed17,100,1005.0,20.0,20.1,17,CBC,300.0,100,14.29,1.4859272519136992,18.0,18.0,18.0,Optimal,20.0,20.0,0.0,14.826497417000011,14.978661367769956,15.222612188617116,29.95732273553991,23.299594713906767,True,True,True,True,
main,A_calibration,"G(n,d/n)",ER_d20_n100_seed18,100,977.0,20.0,19.54,18,CBC,300.0,100,14.85,1.2421470496399745,19.0,19.0,19.0,Optimal,20.0,20.0,0.0,15.09497995800001,14.978661367769956,15.222612188617116,29.95732273553991,23.299594713906767,True,True,True,True,
main,A_calibration,"G(n,d/n)",ER_d20_n100_seed19,100,1039.0,20.0,20.78,19,CBC,300.0,100,14.29,1.3506077943435002,17.0,18.0,18.0,Optimal,19.0,19.0,0.0,16.443102792000047,14.978661367769956,15.222612188617116,29.95732273553991,23.299594713906767,True,True,True,True,
main,A_calibration,"G(n,d/n)",ER_d20_n200_seed0,200,1961.0,20.0,19.61,0,CBC,300.0,100,30.2,2.1033883198882757,36.0,38.0,38.0,TimeLimit,39.0,47.602,0.06,300.121792375,29.95732273553991,30.445224377234233,59.91464547107982,46.599189427813535,True,False,False,True,
main,A_calibration,"G(n,d/n)",ER_d20_n200_seed1,200,1978.0,20.0,19.78,1,CBC,300.0,100,29.61,1.874307953093702,35.0,37.0,37.0,TimeLimit,39.0,48.279,0.06,300.145679416,29.95732273553991,30.445224377234233,59.91464547107982,46.599189427813535,True,False,False,True,
main,A_calibration,"G(n,d/n)",ER_d20_n200_seed2,200,2002.0,20.0,20.02,2,CBC,300.0,100,29.83,2.0988452813753367,36.0,38.0,38.0,TimeLimit,39.0,48.72399999999999,0.06,300.1419556249999,29.95732273553991,30.445224377234233,59.91464547107982,46.599189427813535,True,False,False,True,
main,A_calibration,"G(n,d/n)",ER_d20_n200_seed3,200,2003.0,20.0,20.03,3,CBC,300.0,100,29.69,2.241459661502168,35.0,37.0,37.0,TimeLimit,38.0,49.258999999999986,0.07,300.171110041,29.95732273553991,30.445224377234233,59.91464547107982,46.599189427813535,True,False,False,True,
main,A_calibration,"G(n,d/n)",ER_d20_n200_seed4,200,1947.0,20.0,19.47,4,CBC,300.0,100,29.72,1.9544303466222528,35.0,36.0,36.0,TimeLimit,39.0,48.166,0.06,300.94812087499986,29.95732273553991,30.445224377234233,59.91464547107982,46.599189427813535,True,False,False,True,
main,A_calibration,"G(n,d/n)",ER_d20_n200_seed5,200,2052.0,20.0,20.52,5,CBC,300.0,100,29.11,2.3089417751888246,36.0,38.0,38.0,TimeLimit,40.0,47.352,0.05,300.23927675000004,29.95732273553991,30.445224377234233,59.91464547107982,46.599189427813535,True,False,False,True,
main,A_calibration,"G(n,d/n)",ER_d20_n200_seed6,200,1988.0,20.0,19.88,6,CBC,300.0,100,30.04,2.1030041042818395,36.0,40.0,40.0,TimeLimit,40.0,50.638000000000005,0.07,300.1478672920002,29.95732273553991,30.445224377234233,59.91464547107982,46.599189427813535,True,False,False,True,
main,A_calibration,"G(n,d/n)",ER_d20_n200_seed7,200,2029.0,20.0,20.29,7,CBC,300.0,100,29.0,2.197335392761612,35.0,36.0,36.0,TimeLimit,37.0,49.19900000000001,0.08,300.18563570800006,29.95732273553991,30.445224377234233,59.91464547107982,46.599189427813535,True,False,False,True,
main,A_calibration,"G(n,d/n)",ER_d20_n200_seed8,200,2020.0,20.0,20.2,8,CBC,300.0,100,29.49,1.946221410266,36.0,37.0,37.0,TimeLimit,40.0,48.56200000000001,0.06,300.90808741699993,29.95732273553991,30.445224377234233,59.91464547107982,46.599189427813535,True,False,False,True,
main,A_calibration,"G(n,d/n)",ER_d20_n200_seed9,200,1994.0,20.0,19.94,9,CBC,300.0,100,29.04,2.178499159021776,36.0,39.0,39.0,TimeLimit,40.0,48.083,0.05,300.9646632080003,29.95732273553991,30.445224377234233,59.91464547107982,46.599189427813535,True,False,False,True,
main,A_calibration,"G(n,d/n)",ER_d20_n200_seed10,200,1988.0,20.0,19.88,10,CBC,300.0,100,29.68,2.088351532001287,37.0,38.0,38.0,TimeLimit,42.0,59.696,0.13,300.1752038750001,29.95732273553991,30.445224377234233,59.91464547107982,46.599189427813535,True,False,False,True,
main,A_calibration,"G(n,d/n)",ER_d20_n200_seed11,200,1989.0,20.0,19.89,11,CBC,300.0,100,30.14,2.0598126814903055,37.0,39.0,39.0,TimeLimit,40.0,50.84700000000001,0.07,300.162703042,29.95732273553991,30.445224377234233,59.91464547107982,46.599189427813535,True,False,False,True,
main,A_calibration,"G(n,d/n)",ER_d20_n200_seed12,200,1979.0,20.0,19.79,12,CBC,300.0,100,28.85,1.783057186209385,33.0,37.0,37.0,TimeLimit,38.0,59.636,0.15,301.09419062499956,29.95732273553991,30.445224377234233,59.91464547107982,46.599189427813535,True,False,False,True,
main,A_calibration,"G(n,d/n)",ER_d20_n200_seed13,200,2015.0,20.0,20.15,13,CBC,300.0,100,29.16,1.8679649165048384,33.0,37.0,37.0,TimeLimit,38.0,50.504999999999995,0.08,301.0672152090001,29.95732273553991,30.445224377234233,59.91464547107982,46.599189427813535,True,False,False,True,
main,A_calibration,"G(n,d/n)",ER_d20_n200_seed14,200,2004.0,20.0,20.04,14,CBC,300.0,100,29.58,1.990786860322401,34.0,35.0,35.0,TimeLimit,38.0,49.53800000000001,0.08,301.1329851669998,29.95732273553991,30.445224377234233,59.91464547107982,46.599189427813535,True,False,False,True,
main,A_calibration,"G(n,d/n)",ER_d20_n200_seed15,200,1881.0,20.0,18.81,15,CBC,300.0,100,32.02,2.597512407491195,38.0,44.0,44.0,TimeLimit,45.0,52.108,0.05,300.9990249170005,29.95732273553991,30.445224377234233,59.91464547107982,46.599189427813535,True,False,False,True,
main,A_calibration,"G(n,d/n)",ER_d20_n200_seed16,200,1941.0,20.0,19.41,16,CBC,300.0,100,30.7,1.6966991126265962,35.0,39.0,39.0,TimeLimit,40.0,50.256,0.07,300.9891123339994,29.95732273553991,30.445224377234233,59.91464547107982,46.599189427813535,True,False,False,True,
main,A_calibration,"G(n,d/n)",ER_d20_n200_seed17,200,1978.0,20.0,19.78,17,CBC,300.0,100,29.73,2.2286246154899385,36.0,37.0,37.0,TimeLimit,40.0,47.28299999999999,0.05,300.9360423340004,29.95732273553991,30.445224377234233,59.91464547107982,46.599189427813535,True,False,False,True,
main,A_calibration,"G(n,d/n)",ER_d20_n200_seed18,200,1995.0,20.0,19.95,18,CBC,300.0,100,29.33,2.000277758490333,34.0,37.0,37.0,TimeLimit,37.0,49.918000000000006,0.09,300.95641441600037,29.95732273553991,30.445224377234233,59.91464547107982,46.599189427813535,True,False,False,True,
main,A_calibration,"G(n,d/n)",ER_d20_n200_seed19,200,2029.0,20.0,20.29,19,CBC,300.0,100,29.08,1.9729483653976485,34.0,36.0,36.0,TimeLimit,36.0,49.400000000000006,0.09,300.1780919160001,29.95732273553991,30.445224377234233,59.91464547107982,46.599189427813535,True,False,False,True,
main,A_calibration,"G(n,d/n)",ER_d20_n500_seed0,500,4930.0,20.0,19.72,0,CBC,300.0,100,75.89,3.090863041843547,84.0,96.0,96.0,TimeLimit,96.0,161.72000000000003,0.19,300.22226862499974,74.89330683884977,76.11306094308557,149.7866136776995,116.49797356953384,True,False,False,True,
main,A_calibration,"G(n,d/n)",ER_d20_n500_seed1,500,4959.0,20.0,19.836,1,CBC,300.0,100,74.72,3.1784628773396526,83.0,96.0,96.0,TimeLimit,96.0,158.211,0.18,301.20083841700034,74.89330683884977,76.11306094308557,149.7866136776995,116.49797356953384,True,False,False,True,
main,A_calibration,"G(n,d/n)",ER_d20_n500_seed2,500,4990.0,20.0,19.96,2,CBC,300.0,100,74.97,3.4595936002351313,86.0,95.0,95.0,TimeLimit,95.0,157.49599999999998,0.18,300.2236866249996,74.89330683884977,76.11306094308557,149.7866136776995,116.49797356953384,True,False,False,True,
main,A_calibration,"G(n,d/n)",ER_d20_n500_seed3,500,5032.0,20.0,20.128,3,CBC,300.0,100,75.01,3.658379063702581,86.0,96.0,96.0,TimeLimit,96.0,165.69,0.21,300.18308170899945,74.89330683884977,76.11306094308557,149.7866136776995,116.49797356953384,True,False,False,True,
main,A_calibration,"G(n,d/n)",ER_d20_n500_seed4,500,4994.0,20.0,19.976,4,CBC,300.0,100,74.46,3.671952113417647,83.0,94.0,94.0,TimeLimit,94.0,157.07,0.18,300.11350779199984,74.89330683884977,76.11306094308557,149.7866136776995,116.49797356953384,True,False,False,True,
main,A_calibration,"G(n,d/n)",ER_d20_n500_seed5,500,4978.0,20.0,19.912,5,CBC,300.0,100,75.56,3.297749462156202,87.0,100.0,100.0,TimeLimit,100.0,162.683,0.19,300.32711958300024,74.89330683884977,76.11306094308557,149.7866136776995,116.49797356953384,True,False,False,True,
main,A_calibration,"G(n,d/n)",ER_d20_n500_seed6,500,4914.0,20.0,19.656,6,CBC,300.0,100,75.69,3.027466854575877,83.0,98.0,98.0,TimeLimit,98.0,157.95299999999995,0.18,300.4372041659999,74.89330683884977,76.11306094308557,149.7866136776995,116.49797356953384,True,False,False,True,
main,A_calibration,"G(n,d/n)",ER_d20_n500_seed7,500,5044.0,20.0,20.176,7,CBC,300.0,100,73.88,3.3793191592091416,82.0,95.0,95.0,TimeLimit,95.0,158.839,0.19,300.122529667,74.89330683884977,76.11306094308557,149.7866136776995,116.49797356953384,True,False,False,True,
main,A_calibration,"G(n,d/n)",ER_d20_n500_seed8,500,5016.0,20.0,20.064,8,CBC,300.0,100,74.46,3.1922254040563973,82.0,95.0,95.0,TimeLimit,95.0,165.58300000000003,0.21,196.3390978330008,74.89330683884977,76.11306094308557,149.7866136776995,116.49797356953384,True,False,False,True,
main,A_calibration,"G(n,d/n)",ER_d20_n500_seed9,500,5031.0,20.0,20.124,9,CBC,300.0,100,75.19,3.430978892621778,84.0,97.0,97.0,TimeLimit,97.0,165.94299999999998,0.21,205.1727817080009,74.89330683884977,76.11306094308557,149.7866136776995,116.49797356953384,True,False,False,True,
main,A_calibration,"G(n,d/n)",ER_d20_n500_seed10,500,4997.0,20.0,19.988,10,CBC,300.0,100,74.82,3.282583363047088,80.0,95.0,95.0,TimeLimit,95.0,157.454,0.18,303.82349824999983,74.89330683884977,76.11306094308557,149.7866136776995,116.49797356953384,True,False,False,True,
main,A_calibration,"G(n,d/n)",ER_d20_n500_seed11,500,5025.0,20.0,20.1,11,CBC,300.0,100,75.1,3.2364714543384245,82.0,97.0,97.0,TimeLimit,97.0,165.255,0.2,301.31748891700045,74.89330683884977,76.11306094308557,149.7866136776995,116.49797356953384,True,False,False,True,
main,A_calibration,"G(n,d/n)",ER_d20_n500_seed12,500,4922.0,20.0,19.688,12,CBC,300.0,100,75.38,3.0642282795991145,83.0,95.0,95.0,TimeLimit,95.0,158.214,0.18,300.3452620829994,74.89330683884977,76.11306094308557,149.7866136776995,116.49797356953384,True,False,False,True,
main,A_calibration,"G(n,d/n)",ER_d20_n500_seed13,500,5054.0,20.0,20.216,13,CBC,300.0,100,75.33,3.6433279270247394,84.0,97.0,97.0,TimeLimit,97.0,159.98700000000002,0.19,300.8954171250007,74.89330683884977,76.11306094308557,149.7866136776995,116.49797356953384,True,False,False,True,
main,A_calibration,"G(n,d/n)",ER_d20_n500_seed14,500,4972.0,20.0,19.888,14,CBC,300.0,100,76.25,2.889811430008903,82.0,94.0,94.0,TimeLimit,94.0,157.784,0.19,301.0694059999987,74.89330683884977,76.11306094308557,149.7866136776995,116.49797356953384,True,False,False,True,
main,A_calibration,"G(n,d/n)",ER_d20_n500_seed15,500,4830.0,20.0,19.32,15,CBC,300.0,100,77.52,3.1478066758755796,85.0,96.0,96.0,TimeLimit,96.0,158.5,0.18,301.0572400410001,74.89330683884977,76.11306094308557,149.7866136776995,116.49797356953384,True,False,False,True,
main,A_calibration,"G(n,d/n)",ER_d20_n500_seed16,500,4835.0,20.0,19.34,16,CBC,300.0,100,76.89,3.626209307168292,85.0,95.0,95.0,TimeLimit,95.0,158.065,0.18,300.20384183399983,74.89330683884977,76.11306094308557,149.7866136776995,116.49797356953384,True,False,False,True,
main,A_calibration,"G(n,d/n)",ER_d20_n500_seed17,500,4980.0,20.0,19.92,17,CBC,300.0,100,76.74,3.374353660519689,84.0,99.0,99.0,TimeLimit,99.0,166.738,0.2,300.13876779199927,74.89330683884977,76.11306094308557,149.7866136776995,116.49797356953384,True,False,False,True,
main,A_calibration,"G(n,d/n)",ER_d20_n500_seed18,500,5011.0,20.0,20.044,18,CBC,300.0,100,75.28,3.0619199100161874,84.0,98.0,98.0,TimeLimit,98.0,165.24400000000003,0.2,300.1155662500005,74.89330683884977,76.11306094308557,149.7866136776995,116.49797356953384,True,False,False,True,
main,A_calibration,"G(n,d/n)",ER_d20_n500_seed19,500,5050.0,20.0,20.2,19,CBC,300.0,100,74.5,2.6072935772520514,80.0,96.0,96.0,TimeLimit,96.0,160.327,0.19,300.3206419580001,74.89330683884977,76.11306094308557,149.7866136776995,116.49797356953384,True,False,False,True,
main,A_calibration,"G(n,d/n)",ER_d20_n1000_seed0,1000,10049.0,20.0,20.098,0,CBC,300.0,100,151.39,4.939829874795202,166.0,196.0,196.0,TimeLimit,196.0,352.45500000000004,0.24,95.03369708300124,149.7866136776995,152.22612188617114,299.57322735539907,232.99594713906768,True,False,False,True,
main,A_calibration,"G(n,d/n)",ER_d20_n1000_seed1,1000,9996.0,20.0,19.992,1,CBC,300.0,100,151.91,4.27370395026907,163.0,192.0,192.0,TimeLimit,192.0,354.754,0.25,94.88784004099944,149.7866136776995,152.22612188617114,299.57322735539907,232.99594713906768,True,False,False,True,
main,A_calibration,"G(n,d/n)",ER_d20_n1000_seed2,1000,10054.0,20.0,20.108,2,CBC,300.0,100,151.67,4.603588850346032,161.0,191.0,191.0,TimeLimit,191.0,352.98800000000006,0.25,46.81362887499927,149.7866136776995,152.22612188617114,299.57322735539907,232.99594713906768,True,False,False,True,
main,A_calibration,"G(n,d/n)",ER_d20_n1000_seed3,1000,9933.0,20.0,19.866,3,CBC,300.0,100,149.95,4.056108997798284,162.0,191.0,191.0,TimeLimit,191.0,354.889,0.25,51.59077541700026,149.7866136776995,152.22612188617114,299.57322735539907,232.99594713906768,True,False,False,True,
main,A_calibration,"G(n,d/n)",ER_d20_n1000_seed4,1000,9980.0,20.0,19.96,4,CBC,300.0,100,152.24,4.252438397347142,161.0,199.0,199.0,TimeLimit,199.0,357.71500000000003,0.25,10.182901000000127,149.7866136776995,152.22612188617114,299.57322735539907,232.99594713906768,True,False,False,True,
main,A_calibration,"G(n,d/n)",ER_d20_n1000_seed5,1000,9927.0,20.0,19.854,5,CBC,300.0,100,152.17,4.5261418002488165,165.0,192.0,192.0,TimeLimit,192.0,360.982,0.26,7.882046790999084,149.7866136776995,152.22612188617114,299.57322735539907,232.99594713906768,True,False,False,True,
main,A_calibration,"G(n,d/n)",ER_d20_n1000_seed6,1000,10010.0,20.0,20.02,6,CBC,300.0,100,151.88,4.8226737208919515,165.0,193.0,193.0,TimeLimit,193.0,353.22299999999996,0.25,302.772186167,149.78661367769953,152.22612188617114,299.57322735539907,232.99594713906768,True,False,False,True,
main,A_calibration,"G(n,d/n)",ER_d20_n1000_seed7,1000,10024.0,20.0,20.048,7,CBC,300.0,100,150.76,4.610309045492449,169.0,193.0,193.0,TimeLimit,193.0,352.56100000000004,0.25,58.4135350000015,149.7866136776995,152.22612188617114,299.57322735539907,232.99594713906768,True,False,False,True,
main,A_calibration,"G(n,d/n)",ER_d20_n1000_seed8,1000,10040.0,20.0,20.08,8,CBC,300.0,100,151.24,4.839066610056702,161.0,197.0,197.0,TimeLimit,197.0,358.278,0.25,7.509114209000472,149.7866136776995,152.22612188617114,299.57322735539907,232.99594713906768,True,False,False,True,
main,A_calibration,"G(n,d/n)",ER_d20_n1000_seed9,1000,10107.0,20.0,20.214,9,CBC,300.0,100,150.73,4.609728404103213,169.0,187.0,187.0,TimeLimit,187.0,355.14200000000005,0.26,46.7046573330008,149.7866136776995,152.22612188617114,299.57322735539907,232.99594713906768,True,False,False,True,
main,A_calibration,"G(n,d/n)",ER_d20_n1000_seed10,1000,10130.0,20.0,20.26,10,CBC,300.0,100,149.9,4.2888156166871285,161.0,184.0,184.0,TimeLimit,184.0,358.799,0.27,3.00222095800018,149.7866136776995,152.22612188617114,299.57322735539907,232.99594713906768,True,False,False,True,
main,A_calibration,"G(n,d/n)",ER_d20_n1000_seed11,1000,10004.0,20.0,20.008,11,CBC,300.0,100,152.29,3.9550377030217088,160.0,192.0,192.0,TimeLimit,192.0,353.99,0.25,270.4367212500001,149.7866136776995,152.22612188617114,299.57322735539907,232.99594713906768,True,False,False,True,
main,A_calibration,"G(n,d/n)",ER_d20_n1000_seed12,1000,9926.0,20.0,19.852,12,CBC,300.0,100,152.24,4.7887072547522855,162.0,194.0,194.0,TimeLimit,194.0,355.91200000000003,0.25,209.5911904579989,149.7866136776995,152.22612188617114,299.57322735539907,232.99594713906768,True,False,False,True,
main,A_calibration,"G(n,d/n)",ER_d20_n1000_seed13,1000,9994.0,20.0,19.988,13,CBC,300.0,100,151.29,4.645612679907481,162.0,197.0,197.0,TimeLimit,197.0,353.49,0.24,264.06853200000114,149.7866136776995,152.22612188617114,299.57322735539907,232.99594713906768,True,False,False,True,
main,A_calibration,"G(n,d/n)",ER_d20_n1000_seed14,1000,9846.0,20.0,19.692,14,CBC,300.0,100,152.51,4.732212842195327,165.0,195.0,195.0,TimeLimit,195.0,352.624,0.24,255.43991262499912,149.7866136776995,152.22612188617114,299.57322735539907,232.99594713906768,True,False,False,True,
main,A_calibration,"G(n,d/n)",ER_d20_n1000_seed15,1000,9874.0,20.0,19.748,15,CBC,300.0,100,152.43,4.431874902511932,166.0,197.0,197.0,TimeLimit,197.0,356.173,0.25,295.88705704199856,149.7866136776995,152.22612188617114,299.57322735539907,232.99594713906768,True,False,False,True,
main,A_calibration,"G(n,d/n)",ER_d20_n1000_seed16,1000,9906.0,20.0,19.812,16,CBC,300.0,100,153.0,4.2946995755750415,165.0,193.0,193.0,TimeLimit,193.0,353.894,0.25,300.3226510829991,149.7866136776995,152.22612188617114,299.57322735539907,232.99594713906768,True,False,False,True,
main,A_calibration,"G(n,d/n)",ER_d20_n1000_seed17,1000,10067.0,20.0,20.134,17,CBC,300.0,100,150.48,4.595738034397531,160.0,190.0,190.0,TimeLimit,190.0,354.755,0.26,301.09674754200023,149.7866136776995,152.22612188617114,299.57322735539907,232.99594713906768,True,False,False,True,
main,A_calibration,"G(n,d/n)",ER_d20_n1000_seed18,1000,10075.0,20.0,20.15,18,CBC,300.0,100,150.29,3.9906329717416407,158.0,195.0,195.0,TimeLimit,195.0,353.177,0.24,301.17501933399944,149.7866136776995,152.22612188617114,299.57322735539907,232.99594713906768,True,False,False,True,
main,A_calibration,"G(n,d/n)",ER_d20_n1000_seed19,1000,10081.0,20.0,20.162,19,CBC,300.0,100,152.3,5.105948204859414,165.0,194.0,194.0,TimeLimit,194.0,357.413,0.25,301.65160158300023,149.7866136776995,152.22612188617114,299.57322735539907,232.99594713906768,True,False,False,True,
main,B_scaling,"G(n,d/n)",ER_d20_n1500_seed0,1500,15068.0,20.0,20.090666666666667,0,CBC,600.0,100,226.76,5.177886156580217,243.0,288.0,288.0,TimeLimit,288.0,553.956,0.28,600.0596274999989,224.67992051654932,228.3391828292567,449.35984103309863,349.49392070860154,True,False,False,True,
main,B_scaling,"G(n,d/n)",ER_d20_n1500_seed1,1500,15026.0,20.0,20.034666666666663,1,CBC,600.0,100,227.48,6.374634075455594,245.0,292.0,292.0,TimeLimit,292.0,547.693,0.27,597.3805956249998,224.67992051654932,228.3391828292567,449.35984103309863,349.49392070860154,True,False,False,True,
main,B_scaling,"G(n,d/n)",ER_d20_n1500_seed2,1500,15079.0,20.0,20.105333333333338,2,CBC,600.0,100,227.33,6.1398762860566505,244.0,286.0,286.0,TimeLimit,286.0,556.117,0.29,598.5098731670005,224.67992051654932,228.3391828292567,449.35984103309863,349.49392070860154,True,False,False,True,
main,B_scaling,"G(n,d/n)",ER_d20_n1500_seed3,1500,14898.0,20.0,19.864,3,CBC,600.0,100,226.73,5.402683583089972,240.0,292.0,292.0,TimeLimit,292.0,548.254,0.27,599.3064959580006,224.67992051654932,228.3391828292567,449.35984103309863,349.49392070860154,True,False,False,True,
main,B_scaling,"G(n,d/n)",ER_d20_n1500_seed4,1500,15012.0,20.0,20.016,4,CBC,600.0,100,226.52,5.324765845850061,239.0,297.0,297.0,TimeLimit,297.0,551.971,0.27,600.4408831669971,224.67992051654932,228.3391828292567,449.35984103309863,349.49392070860154,True,False,False,True,
main,B_scaling,"G(n,d/n)",ER_d20_n1500_seed5,1500,14932.0,20.0,19.909333333333333,5,CBC,600.0,100,228.78,5.895692658135422,240.0,296.0,296.0,TimeLimit,296.0,549.818,0.27,598.8968342090011,224.67992051654932,228.3391828292567,449.35984103309863,349.49392070860154,True,False,False,True,
main,B_scaling,"G(n,d/n)",ER_d20_n1500_seed6,1500,14855.0,20.0,19.80666666666667,6,CBC,600.0,100,229.75,6.039223643997813,246.0,302.0,302.0,TimeLimit,302.0,552.189,0.26,600.0158164579989,224.67992051654932,228.3391828292567,449.35984103309863,349.49392070860154,True,False,False,True,
main,B_scaling,"G(n,d/n)",ER_d20_n1500_seed7,1500,15120.0,20.0,20.16,7,CBC,600.0,100,226.21,5.238349265780493,239.0,292.0,292.0,TimeLimit,292.0,554.062,0.28,600.3039054580004,224.67992051654932,228.3391828292567,449.35984103309863,349.49392070860154,True,False,False,True,
main,B_scaling,"G(n,d/n)",ER_d20_n1500_seed8,1500,15174.0,20.0,20.232,8,CBC,600.0,100,226.81,5.940266633474264,243.0,294.0,294.0,TimeLimit,294.0,549.447,0.27,601.444576834001,224.67992051654932,228.3391828292567,449.35984103309863,349.49392070860154,True,False,False,True,
main,B_scaling,"G(n,d/n)",ER_d20_n1500_seed9,1500,15084.0,20.0,20.112,9,CBC,600.0,100,226.02,5.685316902585844,239.0,294.0,294.0,TimeLimit,294.0,553.445,0.27,599.6143125000017,224.67992051654932,228.3391828292567,449.35984103309863,349.49392070860154,True,False,False,True,
main,B_scaling,"G(n,d/n)",ER_d20_n2000_seed0,2000,19971.0,20.0,19.971,0,CBC,600.0,100,304.93,6.169745341240397,322.0,396.0,396.0,TimeLimit,396.0,753.126,0.29,595.5407728749997,299.57322735539907,304.4522437723423,599.1464547107981,465.99189427813536,True,False,False,True,
main,B_scaling,"G(n,d/n)",ER_d20_n2000_seed1,2000,19936.0,20.0,19.936,1,CBC,600.0,100,303.09,6.49178968646808,319.0,388.0,388.0,TimeLimit,388.0,750.885,0.29,595.7175589159997,299.57322735539907,304.4522437723423,599.1464547107981,465.99189427813536,True,False,False,True,
main,B_scaling,"G(n,d/n)",ER_d20_n2000_seed2,2000,19998.0,20.0,19.998,2,CBC,600.0,100,301.73,6.419438598443943,316.0,391.0,391.0,TimeLimit,391.0,748.6099999999999,0.29,597.9640292080003,299.57322735539907,304.4522437723423,599.1464547107981,465.99189427813536,True,False,False,True,
main,B_scaling,"G(n,d/n)",ER_d20_n2000_seed3,2000,19971.0,20.0,19.971,3,CBC,600.0,100,304.36,6.640128999598813,321.0,404.0,404.0,TimeLimit,404.0,753.634,0.28,598.8208972920002,299.57322735539907,304.4522437723423,599.1464547107981,465.99189427813536,True,False,False,True,
main,B_scaling,"G(n,d/n)",ER_d20_n2000_seed4,2000,19961.0,20.0,19.961,4,CBC,600.0,100,303.97,6.989826662205348,322.0,390.0,390.0,TimeLimit,390.0,751.79,0.29,596.4845387920031,299.57322735539907,304.4522437723423,599.1464547107981,465.99189427813536,True,False,False,True,
main,B_scaling,"G(n,d/n)",ER_d20_n2000_seed5,2000,19897.0,20.0,19.897,5,CBC,600.0,100,305.66,7.011131121007479,319.0,391.0,391.0,TimeLimit,391.0,757.4100000000001,0.29,596.5536782499985,299.57322735539907,304.4522437723423,599.1464547107981,465.99189427813536,True,False,False,True,
main,B_scaling,"G(n,d/n)",ER_d20_n2000_seed6,2000,19888.0,20.0,19.888,6,CBC,600.0,100,306.89,6.026699852416007,323.0,400.0,400.0,TimeLimit,400.0,751.4490000000001,0.28,596.3994791250007,299.57322735539907,304.4522437723423,599.1464547107981,465.99189427813536,True,False,False,True,
main,B_scaling,"G(n,d/n)",ER_d20_n2000_seed7,2000,20090.0,20.0,20.09,7,CBC,600.0,100,303.17,5.993354906085825,317.0,391.0,391.0,TimeLimit,391.0,750.261,0.29,596.938754666,299.57322735539907,304.4522437723423,599.1464547107981,465.99189427813536,True,False,False,True,
main,B_scaling,"G(n,d/n)",ER_d20_n2000_seed8,2000,20159.0,20.0,20.159,8,CBC,600.0,100,303.17,6.527416925336677,325.0,394.0,394.0,TimeLimit,394.0,753.864,0.29,596.2298416669983,299.57322735539907,304.4522437723423,599.1464547107981,465.99189427813536,True,False,False,True,
main,B_scaling,"G(n,d/n)",ER_d20_n2000_seed9,2000,20075.0,20.0,20.075,9,CBC,600.0,100,301.32,6.882682117555127,317.0,384.0,384.0,TimeLimit,384.0,749.1759999999999,0.29,598.1225078339994,299.57322735539907,304.4522437723423,599.1464547107981,465.99189427813536,True,False,False,True,
main,B_scaling,"G(n,d/n)",ER_d20_n3000_seed0,3000,29997.0,20.0,19.998,0,CBC,600.0,100,459.2,8.47694437038405,480.0,593.0,593.0,TimeLimit,593.0,1179.66,0.32,599.9969408750003,449.35984103309863,456.6783656585135,898.7196820661973,698.9878414172031,True,False,False,True,
main,B_scaling,"G(n,d/n)",ER_d20_n3000_seed1,3000,29892.0,20.0,19.928,1,CBC,600.0,100,456.05,8.261355820929154,478.0,587.0,587.0,TimeLimit,587.0,1176.309,0.32,598.0901827080015,449.35984103309863,456.6783656585135,898.7196820661973,698.9878414172031,True,False,False,True,
main,B_scaling,"G(n,d/n)",ER_d20_n3000_seed2,3000,29990.0,20.0,19.993333333333332,2,CBC,600.0,100,455.63,7.64179760966428,482.0,575.0,575.0,TimeLimit,575.0,1184.858,0.34,601.3092726670002,449.35984103309863,456.6783656585135,898.7196820661973,698.9878414172031,True,False,False,True,
main,B_scaling,"G(n,d/n)",ER_d20_n3000_seed3,3000,29997.0,20.0,19.998,3,CBC,600.0,100,456.26,7.985618386205355,480.0,593.0,593.0,TimeLimit,593.0,1179.506,0.32,597.5418255410004,449.35984103309863,456.6783656585135,898.7196820661973,698.9878414172031,True,False,False,True,
main,B_scaling,"G(n,d/n)",ER_d20_n3000_seed4,3000,29865.0,20.0,19.91,4,CBC,600.0,100,457.46,6.417180223447213,474.0,587.0,587.0,TimeLimit,587.0,1201.394,0.34,452.34340741700004,449.35984103309863,456.6783656585135,898.7196820661973,698.9878414172031,True,False,False,True,
main,B_scaling,"G(n,d/n)",ER_d20_n3000_seed5,3000,29770.0,20.0,19.846666666666668,5,CBC,600.0,100,457.59,8.552978097916208,477.0,598.0,598.0,TimeLimit,598.0,1228.133,0.36,40.89047683400349,449.35984103309863,456.6783656585135,898.7196820661973,698.9878414172031,True,False,False,True,
main,B_scaling,"G(n,d/n)",ER_d20_n3000_seed6,3000,29855.0,20.0,19.903333333333332,6,CBC,600.0,100,460.37,7.53933121380903,477.0,586.0,586.0,TimeLimit,586.0,1232.953,0.37,47.55423387499832,449.35984103309863,456.6783656585135,898.7196820661973,698.9878414172031,True,False,False,True,
main,B_scaling,"G(n,d/n)",ER_d20_n3000_seed7,3000,30208.0,20.0,20.138666666666666,7,CBC,600.0,100,451.04,6.917873206193482,468.0,576.0,576.0,TimeLimit,576.0,1207.601,0.35,206.3249694590013,449.35984103309863,456.6783656585135,898.7196820661973,698.9878414172031,True,False,False,True,
main,B_scaling,"G(n,d/n)",ER_d20_n3000_seed8,3000,30293.0,20.0,20.195333333333338,8,CBC,600.0,100,456.81,7.880028457109054,474.0,587.0,587.0,TimeLimit,587.0,1192.464,0.33,301.12768112499907,449.35984103309863,456.6783656585135,898.7196820661973,698.9878414172031,True,False,False,True,
main,B_scaling,"G(n,d/n)",ER_d20_n3000_seed9,3000,30201.0,20.0,20.134,9,CBC,600.0,100,453.49,8.573502755289082,477.0,577.0,577.0,TimeLimit,577.0,1218.0,0.36,590.2462631250019,449.35984103309863,456.6783656585135,898.7196820661973,698.9878414172031,True,False,False,True,
main,B_scaling,"G(n,d/n)",ER_d20_n5000_seed0,5000,50195.0,20.0,20.078,0,CBC,600.0,100,755.65,10.351767525842671,783.0,969.0,969.0,TimeLimit,969.0,2148.0,0.41,588.6838364159994,748.9330683884978,761.1306094308558,1497.8661367769955,1164.9797356953384,True,False,False,True,
main,B_scaling,"G(n,d/n)",ER_d20_n5000_seed1,5000,49706.0,20.0,19.8824,1,CBC,600.0,100,765.08,10.423051376636309,794.0,986.0,986.0,TimeLimit,986.0,2144.609,0.41,578.3789334159992,748.9330683884978,761.1306094308558,1497.8661367769955,1164.9797356953384,True,False,False,True,
main,B_scaling,"G(n,d/n)",ER_d20_n5000_seed2,5000,50005.0,20.0,20.002,2,CBC,600.0,100,760.08,12.502670421824597,790.0,979.0,979.0,TimeLimit,979.0,2144.5,0.41,644.859234042,748.9330683884978,761.1306094308558,1497.8661367769955,1164.9797356953384,True,False,False,True,
main,B_scaling,"G(n,d/n)",ER_d20_n5000_seed3,5000,49819.0,20.0,19.9276,3,CBC,600.0,100,759.99,9.110428035493118,779.0,973.0,973.0,TimeLimit,973.0,2148.5,0.41,585.5042148339962,748.9330683884978,761.1306094308558,1497.8661367769955,1164.9797356953384,True,False,False,True,
main,B_scaling,"G(n,d/n)",ER_d20_n5000_seed4,5000,49851.0,20.0,19.9404,4,CBC,600.0,100,763.39,11.47671775835977,799.0,988.0,988.0,TimeLimit,988.0,2148.0,0.41,583.878095125001,748.9330683884978,761.1306094308558,1497.8661367769955,1164.9797356953384,True,False,False,True,
